domain,problem,agents,heuristic,recursionLevel,totalTime,initHeuristic,initHeuristicDist,searchTime,expandedStates,expandedStatesGlobal,expandedStatesLocal,searchMessages,heuristicRequestMessages,heuristicReplyMessages,totalMessages,totalBytes,globalSearchTime,localSearchTime,globalHeuristicTime,localHeuristicTime,otherHeuristicTime,searchTimes,globalSearchTimes,localSearchTimes,globalHeuristicTimes,localHeuristicTimes,otherHeuristicTimes,planLength,maxRecursionDepth,planValid,finished
./benchmarks/logistics00,./benchmarks/logistics00/probLOGISTICS-4-0.pddl,3,FF,0,741,{tru1=9 tru2=4 apn1=4},{},0,293,0,0,86,0,0,86,2752,0,0,0,0,0,,,,,,,26,0,true,true
./benchmarks/logistics00,./benchmarks/logistics00/probLOGISTICS-4-0.pddl,3,glcl,0,-1,{},{},0,0,0,0,0,0,0,0,0,0,0,0,0,0,,,,,,,2147483647,0,false,false
./benchmarks/logistics00,./benchmarks/logistics00/probLOGISTICS-4-0.pddl,3,PPsaFF-sync,-1,595,{},{tru1=22 tru2=13 apn1=15},0,212,0,0,50,583,583,1216,40136,0,0,0,0,0,,,,,,,22,0,true,true
./benchmarks/logistics00,./benchmarks/logistics00/probLOGISTICS-4-0.pddl,3,glcl-FF,-1,-1,{},{},0,0,0,0,0,36,0,36,1400,0,0,0,0,0,,,,,,,2147483647,0,false,false
./benchmarks/logistics00,./benchmarks/logistics00/probLOGISTICS-4-0.pddl,3,glcl-FF,-1,-1,{},{},0,0,0,0,0,36,0,36,1400,0,0,0,0,0,,,,,,,2147483647,0,false,false
./benchmarks/logistics00,./benchmarks/logistics00/probLOGISTICS-4-0.pddl,3,glcl,-1,-1,{},{},0,0,0,0,0,35,0,35,1360,0,0,0,0,0,,,,,,,2147483647,0,false,false
./benchmarks/logistics00,./benchmarks/logistics00/probLOGISTICS-4-0.pddl,3,glcl,-1,-1,{},{},0,0,0,0,0,35,0,35,1360,0,0,0,0,0,,,,,,,2147483647,0,false,false
./benchmarks/logistics00,./benchmarks/logistics00/probLOGISTICS-4-0.pddl,3,FF-glcl,-1,-1,{},{},0,0,0,0,0,0,0,0,0,0,0,0,0,0,,,,,,,2147483647,0,false,false
./benchmarks/logistics00,./benchmarks/logistics00/probLOGISTICS-4-0.pddl,3,rdFF-glcl,-1,432,{tru1=9 tru2=4 apn1=4},{tru1=9 tru2=4 apn1=4},0,298,20,279,79,239,239,557,15660,0,0,0,0,0,,,,,,,26,2,true,true
./benchmarks/logistics00,./benchmarks/logistics00/probLOGISTICS-4-0.pddl,3,PPsaFF-glcl,-1,411,{tru1=9 tru2=4 apn1=4},{tru1=22 tru2=13 apn1=15},0,588,16,573,202,56,56,314,10604,0,0,0,0,0,,,,,,,26,0,true,true
./benchmarks/logistics00,./benchmarks/logistics00/probLOGISTICS-4-0.pddl,3,rdFF-sync,-1,2513,{},{tru1=9 tru2=4 apn1=4},0,933,0,0,239,11237,11237,22713,619240,0,0,0,0,0,,,,,,,46,2,true,true
benchmarks/logistics00,benchmarks/logistics00/probLOGISTICS-4-0.pddl,3,PPsaFF-glcl,-1,272,{tru1=9 tru2=4 apn1=4},{tru1=22 tru2=13 apn1=15},0,309,41,268,70,147,148,365,12652,0,0,0,0,0,,,,,,,29,0,true,true
mapddl-benchmarks/logistics00,mapddl-benchmarks/logistics00/probLOGISTICS-4-0.pddl,3,PPsaFF-glcl,-1,1723,{tru1=9 tru2=4 apn1=4},{tru1=20 tru2=13 apn1=15},0,298,13,285,77,57,57,191,6436,0,0,0,0,0,,,,,,,32,0,true,true
mapddl-benchmarks/logistics00,mapddl-benchmarks/logistics00/probLOGISTICS-4-0.pddl,3,PPsaFF-glcl,-1,1559,{},0,{tru1=9 tru2=4 apn1=4},{tru1=20 tru2=13 apn1=15},0,352,7,345,111,41,39,191,6336,0,0,0,0,0,,,,,,,20,0,true,true
mapddl-benchmarks/logistics00,mapddl-benchmarks/logistics00/probLOGISTICS-4-0.pddl,3,saFF-glcl,-1,956,{},0,{tru1=7 tru2=3 apn1=2},{tru1=10 tru2=14 apn1=8},0,265,7,258,83,19,18,120,3940,0,0,0,0,0,,,,,,,8,0,true,true
mapddl-benchmarks/logistics00,mapddl-benchmarks/logistics00/probLOGISTICS-4-0.pddl,3,saFF-glcl,-1,2121,{},0,{tru1=9 tru2=4 apn1=4},{tru1=24 tru2=19 apn1=19},0,485,9,476,138,44,44,226,7580,0,0,0,0,0,,,,,,,31,0,true,true
mapddl-benchmarks/logistics00,mapddl-benchmarks/logistics00/probLOGISTICS-4-0.pddl,3,saFF-glcl,-1,2231,{},0,{tru1=9 tru2=4 apn1=4},{tru1=24 tru2=19 apn1=19},0,658,14,644,214,66,66,346,11580,0,0,0,0,0,,,,,,,24,0,true,true
mapddl-benchmarks/logistics00,mapddl-benchmarks/logistics00/probLOGISTICS-4-0.pddl,3,saFF-glcl,-1,1168,{},0,{tru1=9 tru2=4 apn1=4},{tru1=24 tru2=19 apn1=19},0,381,14,367,132,73,72,277,9356,0,0,0,0,0,,,,,,,22,0,true,true
mapddl-benchmarks/logistics00,mapddl-benchmarks/logistics00/probLOGISTICS-4-0.pddl,3,saFF-glcl,-1,1167,{},0,{tru1=9 tru2=4 apn1=4},{tru1=24 tru2=19 apn1=19},0,436,13,423,137,67,67,271,9104,0,0,0,0,0,,,,,,,28,0,true,true
mapddl-benchmarks/logistics00,mapddl-benchmarks/logistics00/probLOGISTICS-4-0.pddl,3,saFF-glcl,-1,1124,{},0,{tru1=9 tru2=4 apn1=4},{tru1=24 tru2=19 apn1=19},0,645,14,631,190,72,71,333,11116,0,0,0,0,0,,,,,,,28,0,true,true
mapddl-problems/logistics00,mapddl-problems/logistics00/probLOGISTICS-4-0_12.pddl,3,saFF-glcl,-1,1173,{},0,{tru1=9 tru2=4 apn1=4},{tru1=24 tru2=19 apn1=19},0,484,14,471,132,68,67,267,9004,0,0,0,0,0,,,,,,,24,0,true,true
mapddl-problems/logistics00,mapddl-problems/logistics00/domain.pddl,3,saFF-glcl,-1,220,{tru1=9 tru2=4 apn1=4},{tru1=24 tru2=19 apn1=19},0,716,19,703,222,89,89,400,13384,0,0,0,0,0,,,,,,,36,0,true,true
mapddl-problems/logistics00,mapddl-problems/logistics00/probLOGISTICS-4-0_12.pddl,3,saFF-glcl,-1,197,{tru1=9 tru2=4 apn1=4},{tru1=24 tru2=19 apn1=19},0,547,13,534,183,67,65,315,10420,0,0,0,0,0,,,,,,,22,0,true,true
mapddl-problems/logistics00,mapddl-problems/logistics00/probLOGISTICS-4-0_30.pddl,3,saFF-glcl,-1,227,{tru1=9 tru2=4 apn1=4},{tru1=24 tru2=19 apn1=19},0,257,15,243,56,64,66,186,6360,0,0,0,0,0,,,,,,,27,0,true,true
mapddl-problems/logistics00,mapddl-problems/logistics00/probLOGISTICS-4-0_60.pddl,3,saFF-glcl,-1,223,{tru1=9 tru2=4 apn1=4},{tru1=24 tru2=19 apn1=19},0,719,18,701,183,80,79,342,11504,0,0,0,0,0,,,,,,,24,0,true,true
mapddl-problems/logistics00,mapddl-problems/logistics00/probLOGISTICS-4-0_62.pddl,3,saFF-glcl,-1,185,{tru1=9 tru2=4 apn1=4},{tru1=24 tru2=19 apn1=19},0,536,8,528,156,37,37,230,7580,0,0,0,0,0,,,,,,,28,0,true,true
mapddl-problems/logistics00,mapddl-problems/logistics00/probLOGISTICS-4-0_63.pddl,3,saFF-glcl,-1,185,{tru1=9 tru2=4 apn1=4},{tru1=24 tru2=19 apn1=19},0,259,24,235,50,96,96,242,8296,0,0,0,0,0,,,,,,,27,0,true,true
mapddl-problems/logistics00,mapddl-problems/logistics00/probLOGISTICS-4-0_87.pddl,3,saFF-glcl,-1,188,{tru1=9 tru2=4 apn1=4},{tru1=24 tru2=19 apn1=19},0,456,11,445,132,49,49,230,7780,0,0,0,0,0,,,,,,,24,0,true,true
mapddl-problems/logistics00,mapddl-problems/logistics00/probLOGISTICS-4-0_89.pddl,3,saFF-glcl,-1,266,{tru1=9 tru2=4 apn1=4},{tru1=24 tru2=19 apn1=19},0,691,11,680,187,49,50,286,9488,0,0,0,0,0,,,,,,,24,0,true,true
mapddl-problems/logistics00,mapddl-problems/logistics00/domain.pddl,3,saFF-glcl,-1,198,{tru1=9 tru2=4 apn1=4},{tru1=24 tru2=19 apn1=19},0,836,24,813,203,109,106,418,13900,0,0,0,0,0,,,,,,,30,0,true,true
mapddl-problems/logistics00,mapddl-problems/logistics00/probLOGISTICS-4-0_12.pddl,3,saFF-glcl,-1,184,{tru1=9 tru2=4 apn1=4},{tru1=24 tru2=19 apn1=19},0,490,21,470,163,97,96,356,11928,0,0,0,0,0,,,,,,,26,0,true,true
mapddl-problems/logistics00,mapddl-problems/logistics00/probLOGISTICS-4-0_30.pddl,3,saFF-glcl,-1,273,{tru1=9 tru2=4 apn1=4},{tru1=24 tru2=19 apn1=19},0,1864,22,1843,545,103,101,749,24644,0,0,0,0,0,,,,,,,44,0,true,true
mapddl-problems/logistics00,mapddl-problems/logistics00/probLOGISTICS-4-0_60.pddl,3,saFF-glcl,-1,194,{tru1=9 tru2=4 apn1=4},{tru1=24 tru2=19 apn1=19},0,244,16,228,76,74,73,223,7580,0,0,0,0,0,,,,,,,26,0,true,true
mapddl-problems/logistics00,mapddl-problems/logistics00/probLOGISTICS-4-0_62.pddl,3,saFF-glcl,-1,183,{tru1=9 tru2=4 apn1=4},{tru1=24 tru2=19 apn1=19},0,515,19,496,161,89,89,339,11452,0,0,0,0,0,,,,,,,30,0,true,true
mapddl-problems/logistics00,mapddl-problems/logistics00/probLOGISTICS-4-0_63.pddl,3,saFF-glcl,-1,226,{tru1=9 tru2=4 apn1=4},{tru1=24 tru2=19 apn1=19},0,482,10,471,149,46,47,242,8060,0,0,0,0,0,,,,,,,22,0,true,true
mapddl-problems/logistics00,mapddl-problems/logistics00/probLOGISTICS-4-0_87.pddl,3,saFF-glcl,-1,226,{tru1=9 tru2=4 apn1=4},{tru1=24 tru2=19 apn1=19},0,1031,57,975,218,216,214,648,21816,0,0,0,0,0,,,,,,,25,0,true,true
mapddl-problems/logistics00,mapddl-problems/logistics00/probLOGISTICS-4-0_89.pddl,3,saFF-glcl,-1,160,{tru1=9 tru2=4 apn1=4},{tru1=24 tru2=19 apn1=19},0,241,10,231,71,44,45,160,5400,0,0,0,0,0,,,,,,,25,0,true,true
mapddl-problems/logistics00,mapddl-problems/logistics00/domain.pddl,3,saFF-glcl,-1,197,{tru1=9 tru2=4 apn1=4},{tru1=24 tru2=19 apn1=19},0,392,14,378,102,66,65,233,7880,0,0,0,0,0,,,,,,,31,0,true,true
mapddl-problems/logistics00,mapddl-problems/logistics00/probLOGISTICS-4-0_12.pddl,3,saFF-glcl,-1,168,{tru1=9 tru2=4 apn1=4},{tru1=24 tru2=19 apn1=19},0,298,12,286,101,56,56,213,7196,0,0,0,0,0,,,,,,,28,0,true,true
mapddl-problems/logistics00,mapddl-problems/logistics00/probLOGISTICS-4-0_30.pddl,3,saFF-glcl,-1,177,{tru1=9 tru2=4 apn1=4},{tru1=24 tru2=19 apn1=19},0,345,38,308,93,166,165,424,14472,0,0,0,0,0,,,,,,,28,0,true,true
mapddl-problems/logistics00,mapddl-problems/logistics00/probLOGISTICS-4-0_60.pddl,3,saFF-glcl,-1,175,{tru1=9 tru2=4 apn1=4},{tru1=24 tru2=19 apn1=19},0,180,16,165,52,74,75,201,6904,0,0,0,0,0,,,,,,,30,0,true,true
mapddl-problems/logistics00,mapddl-problems/logistics00/probLOGISTICS-4-0_62.pddl,3,saFF-glcl,-1,198,{tru1=9 tru2=4 apn1=4},{tru1=24 tru2=19 apn1=19},0,541,10,531,175,47,48,270,8840,0,0,0,0,0,,,,,,,28,0,true,true
mapddl-problems/logistics00,mapddl-problems/logistics00/probLOGISTICS-4-0_63.pddl,3,saFF-glcl,-1,166,{tru1=9 tru2=4 apn1=4},{tru1=24 tru2=19 apn1=19},0,210,17,193,69,80,81,230,7788,0,0,0,0,0,,,,,,,32,0,true,true
mapddl-problems/logistics00,mapddl-problems/logistics00/probLOGISTICS-4-0_87.pddl,3,saFF-glcl,-1,197,{tru1=9 tru2=4 apn1=4},{tru1=24 tru2=19 apn1=19},0,577,16,562,168,73,74,315,10492,0,0,0,0,0,,,,,,,26,0,true,true
mapddl-problems/logistics00,mapddl-problems/logistics00/probLOGISTICS-4-0_89.pddl,3,saFF-glcl,-1,207,{tru1=9 tru2=4 apn1=4},{tru1=24 tru2=19 apn1=19},0,260,8,253,78,34,36,148,4992,0,0,0,0,0,,,,,,,26,0,true,true
mapddl-problems/logistics00,mapddl-problems/logistics00/domain.pddl,3,saFF-glcl,-1,208,{tru1=9 tru2=4 apn1=4},{tru1=24 tru2=19 apn1=19},0,280,15,265,99,68,68,235,8028,0,0,0,0,0,,,,,,,24,0,true,true
mapddl-problems/logistics00,mapddl-problems/logistics00/probLOGISTICS-4-0_12.pddl,3,saFF-glcl,-1,173,{tru1=1 apn1=1},{tru1=2 tru2=1},0,17,2,15,12,2,1,15,480,0,0,0,0,0,,,,,,,1,0,true,true
mapddl-problems/logistics00,mapddl-problems/logistics00/probLOGISTICS-4-0_30.pddl,3,saFF-glcl,-1,182,{tru1=1 apn1=1},{tru2=1 apn1=2},0,80,3,78,63,4,2,69,2172,0,0,0,0,0,,,,,,,1,0,true,true
mapddl-problems/logistics00,mapddl-problems/logistics00/probLOGISTICS-4-0_60.pddl,3,saFF-glcl,-1,168,{tru2=1 apn1=2},{tru1=1},0,9,1,9,7,2,0,9,264,0,0,0,0,0,,,,,,,1,0,true,true
mapddl-problems/logistics00,mapddl-problems/logistics00/probLOGISTICS-4-0_62.pddl,3,saFF-glcl,-1,167,{tru2=1 apn1=1},{tru1=1},0,15,1,14,11,3,1,15,496,0,0,0,0,0,,,,,,,1,0,true,true
mapddl-problems/logistics00,mapddl-problems/logistics00/probLOGISTICS-4-0_63.pddl,3,saFF-glcl,-1,172,{tru1=1 apn1=1},{tru2=1},0,30,3,27,17,2,1,20,596,0,0,0,0,0,,,,,,,1,0,true,true
mapddl-problems/logistics00,mapddl-problems/logistics00/probLOGISTICS-4-0_87.pddl,3,saFF-glcl,-1,164,{tru1=2 tru2=2 apn1=1},{tru1=1 tru2=2},0,24,2,23,16,3,3,22,688,0,0,0,0,0,,,,,,,1,0,true,true
mapddl-problems/logistics00,mapddl-problems/logistics00/probLOGISTICS-4-0_89.pddl,3,saFF-glcl,-1,166,{tru1=1 tru2=1},{tru1=1 apn1=1},0,90,2,88,74,3,1,78,2500,0,0,0,0,0,,,,,,,1,0,true,true
mapddl-problems/logistics00,mapddl-problems/logistics00/domain.pddl,3,saFF-glcl,-1,159,{tru2=1},{apn1=1},0,17,1,16,15,2,0,17,560,0,0,0,0,0,,,,,,,1,0,true,true
mapddl-problems/logistics00,mapddl-problems/logistics00/probLOGISTICS-4-0_12.pddl,3,saFF-glcl,-1,161,{tru1=1 apn1=1},{tru2=1},0,23,1,22,14,1,0,15,488,0,0,0,0,0,,,,,,,1,0,true,true
mapddl-problems/logistics00,mapddl-problems/logistics00/probLOGISTICS-4-0_30.pddl,3,saFF-glcl,-1,172,{tru1=1 apn1=1},{tru1=2 tru2=1},0,24,3,22,16,3,1,20,612,0,0,0,0,0,,,,,,,1,0,true,true
mapddl-problems/logistics00,mapddl-problems/logistics00/probLOGISTICS-4-0_60.pddl,3,saFF-glcl,-1,185,{tru2=1 apn1=2},{tru1=1 apn1=1},0,42,2,40,29,3,1,33,1060,0,0,0,0,0,,,,,,,1,0,true,true
mapddl-problems/logistics00,mapddl-problems/logistics00/probLOGISTICS-4-0_62.pddl,3,saFF-glcl,-1,165,{tru2=2 apn1=1},{tru1=1},0,12,1,12,10,3,1,14,464,0,0,0,0,0,,,,,,,1,0,true,true
mapddl-problems/logistics00,mapddl-problems/logistics00/probLOGISTICS-4-0_63.pddl,3,saFF-glcl,-1,171,{tru1=1 apn1=1},{tru2=1 apn1=1},0,16,4,12,9,3,1,13,424,0,0,0,0,0,,,,,,,1,0,true,true
mapddl-problems/logistics00,mapddl-problems/logistics00/probLOGISTICS-4-0_87.pddl,3,saFF-glcl,-1,169,{tru1=2 tru2=2 apn1=1},{tru1=1 tru2=2 apn1=2},0,46,3,44,32,4,3,39,1240,0,0,0,0,0,,,,,,,1,0,true,true
mapddl-problems/logistics00,mapddl-problems/logistics00/probLOGISTICS-4-0_89.pddl,3,saFF-glcl,-1,166,{tru1=1 tru2=1},{apn1=1},0,23,1,22,19,1,0,20,648,0,0,0,0,0,,,,,,,1,0,true,true
mapddl-problems/logistics00,mapddl-problems/logistics00/domain.pddl,3,saFF-glcl,-1,144,{tru1=1 tru2=1},{apn1=1},0,37,1,36,32,1,1,34,1076,0,0,0,0,0,,,,,,,1,0,true,true
mapddl-problems/logistics00,mapddl-problems/logistics00/probLOGISTICS-4-0_12.pddl,3,saFF-glcl,-1,180,{tru1=1 apn1=1},{tru2=1},0,20,1,19,17,2,0,19,624,0,0,0,0,0,,,,,,,1,0,true,true
mapddl-problems/logistics00,mapddl-problems/logistics00/probLOGISTICS-4-0_30.pddl,3,saFF-glcl,-1,181,{tru1=1 apn1=1},{tru1=2 tru2=1 apn1=2},0,124,4,120,77,3,2,82,2572,0,0,0,0,0,,,,,,,1,0,true,true
mapddl-problems/logistics00,mapddl-problems/logistics00/probLOGISTICS-4-0_60.pddl,3,saFF-glcl,-1,159,{tru2=1 apn1=1},{tru1=1},0,14,1,13,7,2,0,9,304,0,0,0,0,0,,,,,,,1,0,true,true
mapddl-problems/logistics00,mapddl-problems/logistics00/probLOGISTICS-4-0_62.pddl,3,saFF-glcl,-1,167,{tru2=1 apn1=1},{tru1=1},0,4,1,3,1,3,1,5,176,0,0,0,0,0,,,,,,,1,0,true,true
mapddl-problems/logistics00,mapddl-problems/logistics00/probLOGISTICS-4-0_63.pddl,3,saFF-glcl,-1,169,{tru1=1 apn1=1},{tru1=1 tru2=1 apn1=1},0,25,5,20,15,5,3,23,716,0,0,0,0,0,,,,,,,1,0,true,true
mapddl-problems/logistics00,mapddl-problems/logistics00/probLOGISTICS-4-0_87.pddl,3,saFF-glcl,-1,168,{tru1=2 tru2=1 apn1=1},{tru1=1},0,22,1,21,18,2,0,20,656,0,0,0,0,0,,,,,,,1,0,true,true
mapddl-problems/logistics00,mapddl-problems/logistics00/probLOGISTICS-4-0_89.pddl,3,saFF-glcl,-1,167,{tru1=1 tru2=1},{apn1=1},0,22,1,21,19,1,0,21,680,0,0,0,0,0,,,,,,,1,0,true,true
mapddl-problems/logistics00,mapddl-problems/logistics00/domain.pddl,3,saFF-glcl,-1,147,{tru1=1 tru2=1},{apn1=1},0,12,1,11,9,2,0,11,368,0,0,0,0,0,,,,,,,1,0,true,true
mapddl-problems/logistics00,mapddl-problems/logistics00/probLOGISTICS-4-0_12.pddl,3,saFF-glcl,-1,215,{tru1=1 apn1=1},{tru2=1},0,19,1,18,17,2,0,19,624,0,0,0,0,0,,,,,,,1,0,true,true
mapddl-problems/logistics00,mapddl-problems/logistics00/probLOGISTICS-4-0_30.pddl,3,saFF-glcl,-1,190,{tru1=1 apn1=1},{tru1=2 tru2=1 apn1=2},0,58,4,54,47,5,3,55,1752,0,0,0,0,0,,,,,,,1,0,true,true
mapddl-problems/logistics00,mapddl-problems/logistics00/probLOGISTICS-4-0_60.pddl,3,saFF-glcl,-1,170,{tru2=1 apn1=1},{tru1=1},0,8,1,7,4,2,0,6,208,0,0,0,0,0,,,,,,,1,0,true,true
mapddl-problems/logistics00,mapddl-problems/logistics00/probLOGISTICS-4-0_62.pddl,3,saFF-glcl,-1,182,{tru2=1 apn1=2},{tru1=1 tru2=2},0,31,2,29,25,4,2,31,944,0,0,0,0,0,,,,,,,1,0,true,true
mapddl-problems/logistics00,mapddl-problems/logistics00/probLOGISTICS-4-0_63.pddl,3,saFF-glcl,-1,170,{tru1=1 apn1=1},{tru1=1 tru2=1 apn1=1},0,13,5,8,6,3,2,11,336,0,0,0,0,0,,,,,,,1,0,true,true
mapddl-problems/logistics00,mapddl-problems/logistics00/probLOGISTICS-4-0_87.pddl,3,saFF-glcl,-1,173,{tru1=2 tru2=1 apn1=1},{tru1=1 tru2=2 apn1=2},0,29,3,26,20,6,3,29,900,0,0,0,0,0,,,,,,,1,0,true,true
mapddl-problems/logistics00,mapddl-problems/logistics00/probLOGISTICS-4-0_89.pddl,3,saFF-glcl,-1,170,{tru1=2 tru2=1},{apn1=1},0,27,1,26,24,2,1,27,860,0,0,0,0,0,,,,,,,1,0,true,true
mapddl-problems/logistics00,mapddl-problems/logistics00/domain.pddl,3,saFF-glcl,-1,157,{tru1=1 tru2=1},{apn1=1},0,18,1,17,12,2,0,14,464,0,0,0,0,0,,,,,,,1,0,true,true
mapddl-problems/logistics00,mapddl-problems/logistics00/probLOGISTICS-4-0_12.pddl,3,saFF-glcl,-1,166,{tru1=1 apn1=1},{tru2=1 apn1=2},0,27,2,25,19,3,1,23,744,0,0,0,0,0,,,,,,,1,0,true,true
mapddl-problems/logistics00,mapddl-problems/logistics00/probLOGISTICS-4-0_12.pddl,3,saFF-glcl,-1,1991,{tru1=1 apn1=1},{tru2=1},0,65,1,64,49,2,0,51,1648,0,0,0,0,0,,,,,,,1,0,true,true
mapddl-problems/logistics00,mapddl-problems/logistics00/probLOGISTICS-4-0_12.pddl,3,saFF-glcl,-1,406,{tru1=1 apn1=1},{tru2=1},0,18,1,17,13,2,0,15,496,0,0,0,0,0,,,,,,,1,0,true,true
mapddl-problems/logistics00,mapddl-problems/logistics00/probLOGISTICS-4-0_12.pddl,3,saFF-glcl,-1,1558,{tru1=1 apn1=1},{tru2=1},0,41,1,40,35,2,0,37,1200,0,0,0,0,0,,,,,,,1,0,true,true
mapddl-problems/logistics00,mapddl-problems/logistics00/probLOGISTICS-4-0_30.pddl,3,saFF-glcl,-1,467,{tru1=1 apn1=1},{tru2=1},0,29,2,27,23,2,0,25,816,0,0,0,0,0,,,,,,,1,0,true,true
mapddl-problems/logistics00,mapddl-problems/logistics00/probLOGISTICS-4-0_60.pddl,3,saFF-glcl,-1,443,{tru2=1 apn1=1},{tru1=1},0,26,1,25,17,2,0,19,624,0,0,0,0,0,,,,,,,1,0,true,true
mapddl-problems/logistics00,mapddl-problems/logistics00/probLOGISTICS-4-0_62.pddl,3,saFF-glcl,-1,453,{tru2=1 apn1=1},{tru1=1},0,41,1,40,32,3,1,36,1168,0,0,0,0,0,,,,,,,1,0,true,true
mapddl-problems/logistics00,mapddl-problems/logistics00/probLOGISTICS-4-0_63.pddl,3,saFF-glcl,-1,467,{tru1=1 apn1=1},{tru1=1 tru2=1 apn1=1},0,36,5,31,25,6,2,33,1064,0,0,0,0,0,,,,,,,1,0,true,true
mapddl-problems/logistics00,mapddl-problems/logistics00/probLOGISTICS-4-0_87.pddl,3,saFF-glcl,-1,468,{tru1=2 tru2=1 apn1=1},{tru1=1},0,49,1,48,35,3,1,39,1264,0,0,0,0,0,,,,,,,1,0,true,true
mapddl-problems/logistics00,mapddl-problems/logistics00/probLOGISTICS-4-0_89.pddl,3,saFF-glcl,-1,424,{tru1=1 tru2=1},{apn1=1},0,30,1,29,22,2,0,24,784,0,0,0,0,0,,,,,,,1,0,true,true
mapddl-problems/logistics00,mapddl-problems/logistics00/probLOGISTICS-4-0_10.pddl,3,saFF-glcl,-1,592,{tru1=3 tru2=3 apn1=3},{tru1=3 tru2=3 apn1=3},0,105,3,102,81,8,8,97,3020,0,0,0,0,0,,,,,,,3,0,true,true
mapddl-problems/logistics00,mapddl-problems/logistics00/probLOGISTICS-4-0_16.pddl,3,saFF-glcl,-1,500,{tru1=3 tru2=3 apn1=3},{tru1=3 tru2=4 apn1=4},0,86,4,82,60,10,10,80,2456,0,0,0,0,0,,,,,,,3,0,true,true
mapddl-problems/logistics00,mapddl-problems/logistics00/probLOGISTICS-4-0_18.pddl,3,saFF-glcl,-1,441,{tru1=2 tru2=1 apn1=1},{tru1=1},0,62,1,61,48,3,1,52,1680,0,0,0,0,0,,,,,,,1,0,true,true
mapddl-problems/logistics00,mapddl-problems/logistics00/probLOGISTICS-4-0_19.pddl,3,saFF-glcl,-1,445,{tru1=3 tru2=3 apn1=3},{tru1=4 tru2=4 apn1=5},0,43,6,37,29,13,13,55,1648,0,0,0,0,0,,,,,,,3,0,true,true
mapddl-problems/logistics00,mapddl-problems/logistics00/probLOGISTICS-4-0_21.pddl,3,saFF-glcl,-1,439,{tru1=3 tru2=1 apn1=3},{tru1=3 tru2=3 apn1=3},0,42,4,38,29,6,4,39,1256,0,0,0,0,0,,,,,,,3,0,true,true
mapddl-problems/logistics00,mapddl-problems/logistics00/probLOGISTICS-4-0_23.pddl,3,saFF-glcl,-1,482,{tru1=3 tru2=3 apn1=3},{tru1=4 tru2=4 apn1=5},0,71,5,66,45,12,11,68,2084,0,0,0,0,0,,,,,,,3,0,true,true
mapddl-problems/logistics00,mapddl-problems/logistics00/probLOGISTICS-4-0_28.pddl,3,saFF-glcl,-1,443,{tru1=3 tru2=3 apn1=3},{tru2=3 apn1=4},0,62,3,59,42,6,5,53,1668,0,0,0,0,0,,,,,,,3,0,true,true
mapddl-problems/logistics00,mapddl-problems/logistics00/probLOGISTICS-4-0_2.pddl,3,saFF-glcl,-1,462,{tru1=4 tru2=4 apn1=4},{tru1=8 tru2=7 apn1=6},0,103,3,100,70,13,12,95,2980,0,0,0,0,0,,,,,,,5,0,true,true
mapddl-problems/logistics00,mapddl-problems/logistics00/probLOGISTICS-4-0_35.pddl,3,saFF-glcl,-1,423,{tru2=1 apn1=1},{tru1=1},0,22,1,21,18,3,0,21,696,0,0,0,0,0,,,,,,,1,0,true,true
mapddl-problems/logistics00,mapddl-problems/logistics00/probLOGISTICS-4-0_39.pddl,3,saFF-glcl,-1,432,{tru1=3 tru2=3 apn1=3},{tru1=4 tru2=3 apn1=4},0,53,3,50,36,9,6,51,1636,0,0,0,0,0,,,,,,,3,0,true,true
mapddl-problems/logistics00,mapddl-problems/logistics00/probLOGISTICS-4-0_42.pddl,3,saFF-glcl,-1,421,{tru1=3 tru2=3 apn1=3},{tru2=3 apn1=3},0,68,2,66,43,7,6,56,1760,0,0,0,0,0,,,,,,,3,0,true,true
mapddl-problems/logistics00,mapddl-problems/logistics00/probLOGISTICS-4-0_45.pddl,3,saFF-glcl,-1,426,{tru1=3 tru2=3 apn1=3},{tru1=4 tru2=3 apn1=4},0,49,3,46,32,6,6,44,1344,0,0,0,0,0,,,,,,,3,0,true,true
mapddl-problems/logistics00,mapddl-problems/logistics00/probLOGISTICS-4-0_46.pddl,3,saFF-glcl,-1,473,{tru1=3 tru2=3 apn1=3},{tru1=4 tru2=4 apn1=5},0,64,3,61,43,10,9,62,1912,0,0,0,0,0,,,,,,,3,0,true,true
mapddl-problems/logistics00,mapddl-problems/logistics00/probLOGISTICS-4-0_48.pddl,3,saFF-glcl,-1,441,{tru1=3 tru2=3 apn1=3},{tru1=3 apn1=3},0,71,2,69,50,6,5,61,1908,0,0,0,0,0,,,,,,,3,0,true,true
mapddl-problems/logistics00,mapddl-problems/logistics00/probLOGISTICS-4-0_49.pddl,3,saFF-glcl,-1,447,{tru1=1 apn1=1},{tru1=2 tru2=1},0,54,3,51,42,3,1,46,1484,0,0,0,0,0,,,,,,,1,0,true,true
mapddl-problems/logistics00,mapddl-problems/logistics00/probLOGISTICS-4-0_51.pddl,3,saFF-glcl,-1,400,{tru1=1 apn1=1},{tru2=1},0,51,1,50,37,2,0,39,1264,0,0,0,0,0,,,,,,,1,0,true,true
mapddl-problems/logistics00,mapddl-problems/logistics00/probLOGISTICS-4-0_57.pddl,3,saFF-glcl,-1,446,{tru1=3 tru2=3 apn1=3},{tru1=4 tru2=4 apn1=5},0,94,5,89,64,10,8,82,2600,0,0,0,0,0,,,,,,,3,0,true,true
mapddl-problems/logistics00,mapddl-problems/logistics00/probLOGISTICS-4-0_58.pddl,3,saFF-glcl,-1,448,{tru1=3 tru2=3 apn1=3},{tru1=3 tru2=3},0,88,2,86,65,7,5,77,2436,0,0,0,0,0,,,,,,,3,0,true,true
mapddl-problems/logistics00,mapddl-problems/logistics00/probLOGISTICS-4-0_61.pddl,3,saFF-glcl,-1,520,{tru1=3 tru2=3 apn1=3},{tru1=3 tru2=3},0,91,2,89,76,5,5,86,2704,0,0,0,0,0,,,,,,,3,0,true,true
mapddl-problems/logistics00,mapddl-problems/logistics00/probLOGISTICS-4-0_63.pddl,3,saFF-glcl,-1,478,{tru1=3 tru2=3 apn1=3},{tru1=3},0,90,1,89,65,4,3,72,2292,0,0,0,0,0,,,,,,,3,0,true,true
mapddl-problems/logistics00,mapddl-problems/logistics00/probLOGISTICS-4-0_64.pddl,3,saFF-glcl,-1,402,{tru1=3 tru2=3 apn1=3},{tru1=4 tru2=4 apn1=5},0,69,4,65,47,8,8,63,1968,0,0,0,0,0,,,,,,,3,0,true,true
mapddl-problems/logistics00,mapddl-problems/logistics00/probLOGISTICS-4-0_65.pddl,3,saFF-glcl,-1,415,{tru1=3 tru2=3 apn1=3},{tru1=4 tru2=4 apn1=5},0,61,3,58,40,10,8,58,1800,0,0,0,0,0,,,,,,,3,0,true,true
mapddl-problems/logistics00,mapddl-problems/logistics00/probLOGISTICS-4-0_66.pddl,3,saFF-glcl,-1,433,{tru1=3 tru2=3 apn1=3},{tru1=4 apn1=5},0,79,2,77,54,7,5,66,2100,0,0,0,0,0,,,,,,,3,0,true,true
mapddl-problems/logistics00,mapddl-problems/logistics00/probLOGISTICS-4-0_68.pddl,3,saFF-glcl,-1,454,{tru1=5 tru2=5 apn1=5},{tru1=5 tru2=5 apn1=5},0,80,4,76,57,10,10,77,2368,0,0,0,0,0,,,,,,,5,0,true,true
mapddl-problems/logistics00,mapddl-problems/logistics00/probLOGISTICS-4-0_69.pddl,3,saFF-glcl,-1,478,{tru1=5 tru2=5 apn1=5},{tru1=5 tru2=6 apn1=6},0,81,3,78,57,12,10,79,2488,0,0,0,0,0,,,,,,,5,0,true,true
mapddl-problems/logistics00,mapddl-problems/logistics00/probLOGISTICS-4-0_6.pddl,3,saFF-glcl,-1,478,{tru1=3 tru2=3 apn1=3},{tru1=3 tru2=4 apn1=4},0,91,3,88,65,8,8,81,2512,0,0,0,0,0,,,,,,,3,0,true,true
mapddl-problems/logistics00,mapddl-problems/logistics00/probLOGISTICS-4-0_71.pddl,3,saFF-glcl,-1,492,{tru1=3 tru2=3 apn1=3},{tru1=4 tru2=3},0,61,2,59,43,8,7,58,1792,0,0,0,0,0,,,,,,,3,0,true,true
mapddl-problems/logistics00,mapddl-problems/logistics00/probLOGISTICS-4-0_72.pddl,3,saFF-glcl,-1,454,{tru1=3 tru2=3 apn1=3},{tru1=4 tru2=3 apn1=4},0,72,3,69,49,7,4,60,1920,0,0,0,0,0,,,,,,,3,0,true,true
mapddl-problems/logistics00,mapddl-problems/logistics00/probLOGISTICS-4-0_74.pddl,3,saFF-glcl,-1,418,{tru1=3 tru2=3 apn1=3},{tru1=3 tru2=4 apn1=4},0,61,3,58,42,6,5,53,1664,0,0,0,0,0,,,,,,,3,0,true,true
mapddl-problems/logistics00,mapddl-problems/logistics00/probLOGISTICS-4-0_75.pddl,3,saFF-glcl,-1,379,{tru1=1 apn1=1},{tru2=1},0,42,3,39,28,2,0,30,976,0,0,0,0,0,,,,,,,1,0,true,true
mapddl-problems/logistics00,mapddl-problems/logistics00/probLOGISTICS-4-0_83.pddl,3,saFF-glcl,-1,386,{tru1=1 tru2=1},{apn1=1},0,31,1,30,23,2,0,25,816,0,0,0,0,0,,,,,,,1,0,true,true
mapddl-problems/logistics00,mapddl-problems/logistics00/probLOGISTICS-4-0_86.pddl,3,saFF-glcl,-1,452,{tru2=1 apn1=1},{tru1=1},0,31,1,30,22,2,0,24,784,0,0,0,0,0,,,,,,,1,0,true,true
mapddl-problems/logistics00,mapddl-problems/logistics00/probLOGISTICS-4-0_88.pddl,3,saFF-glcl,-1,475,{tru1=3 tru2=3 apn1=3},{tru1=3 tru2=3 apn1=3},0,71,4,67,49,12,12,73,2200,0,0,0,0,0,,,,,,,3,0,true,true
mapddl-problems/logistics00,mapddl-problems/logistics00/probLOGISTICS-4-0_90.pddl,3,saFF-glcl,-1,453,{tru1=3 tru2=3 apn1=3},{tru1=4 tru2=3 apn1=4},0,42,3,39,26,6,5,37,1152,0,0,0,0,0,,,,,,,3,0,true,true
mapddl-problems/logistics00,mapddl-problems/logistics00/probLOGISTICS-4-0_10.pddl,3,saFF-glcl,-1,827,{tru1=3 tru2=3 apn1=3},{tru1=4 tru2=4 apn1=5},0,93,3,90,63,5,5,73,2852,0,0,0,0,0,,,,,,,3,0,true,true
mapddl-problems/logistics00,mapddl-problems/logistics00/probLOGISTICS-4-0_12.pddl,3,saFF-glcl,-1,507,{tru1=5 tru2=5 apn1=5},{tru1=6 tru2=6 apn1=7},0,100,6,94,71,14,14,99,3756,0,0,0,0,0,,,,,,,5,0,true,true
mapddl-problems/logistics00,mapddl-problems/logistics00/probLOGISTICS-4-0_15.pddl,3,saFF-glcl,-1,519,{tru1=3 tru2=3 apn1=3},{tru1=4 tru2=4 apn1=5},0,89,4,85,60,9,9,78,2964,0,0,0,0,0,,,,,,,3,0,true,true
mapddl-problems/logistics00,mapddl-problems/logistics00/probLOGISTICS-4-0_20.pddl,3,saFF-glcl,-1,516,{tru1=3 tru2=3 apn1=3},{tru1=3 tru2=4 apn1=4},0,93,5,88,60,11,9,80,3072,0,0,0,0,0,,,,,,,3,0,true,true
mapddl-problems/logistics00,mapddl-problems/logistics00/probLOGISTICS-4-0_21.pddl,3,saFF-glcl,-1,488,{tru1=3 tru2=3 apn1=3},{tru1=4 tru2=4 apn1=5},0,75,4,71,48,7,5,60,2352,0,0,0,0,0,,,,,,,3,0,true,true
mapddl-problems/logistics00,mapddl-problems/logistics00/probLOGISTICS-4-0_24.pddl,3,saFF-glcl,-1,670,{tru1=3 tru2=3 apn1=3},{tru1=3 tru2=3},0,94,2,92,81,6,5,92,3600,0,0,0,0,0,,,,,,,3,0,true,true
mapddl-problems/logistics00,mapddl-problems/logistics00/probLOGISTICS-4-0_25.pddl,3,saFF-glcl,-1,665,{tru1=3 tru2=3 apn1=3},{tru1=3 tru2=4 apn1=4},0,64,4,60,37,8,6,51,1964,0,0,0,0,0,,,,,,,3,0,true,true
mapddl-problems/logistics00,mapddl-problems/logistics00/probLOGISTICS-4-0_27.pddl,3,saFF-glcl,-1,679,{tru1=3 tru2=3 apn1=3},{tru2=3 apn1=4},0,77,2,75,49,7,5,61,2388,0,0,0,0,0,,,,,,,3,0,true,true
mapddl-problems/logistics00,mapddl-problems/logistics00/probLOGISTICS-4-0_29.pddl,3,saFF-glcl,-1,810,{tru2=1 apn1=1},{tru1=1 apn1=1},0,46,4,42,29,3,1,33,1320,0,0,0,0,0,,,,,,,1,0,true,true
mapddl-problems/logistics00,mapddl-problems/logistics00/probLOGISTICS-4-0_2.pddl,3,saFF-glcl,-1,679,{tru1=3 tru2=3 apn1=3},{tru1=4 tru2=4 apn1=5},0,60,6,54,41,11,11,63,2328,0,0,0,0,0,,,,,,,3,0,true,true
mapddl-problems/logistics00,mapddl-problems/logistics00/probLOGISTICS-4-0_30.pddl,3,saFF-glcl,-1,817,{tru1=3 tru2=3 apn1=3},{tru1=4 tru2=3 apn1=4},0,73,5,68,54,10,8,72,2772,0,0,0,0,0,,,,,,,3,0,true,true
mapddl-problems/logistics00,mapddl-problems/logistics00/probLOGISTICS-4-0_33.pddl,3,saFF-glcl,-1,991,{tru1=3 tru2=3 apn1=3},{tru1=3 tru2=3 apn1=3},0,66,5,61,41,11,8,60,2288,0,0,0,0,0,,,,,,,3,0,true,true
mapddl-problems/logistics00,mapddl-problems/logistics00/probLOGISTICS-4-0_35.pddl,3,saFF-glcl,-1,963,{tru1=3 tru2=3 apn1=3},{tru1=3 tru2=4 apn1=4},0,64,6,58,40,16,14,70,2560,0,0,0,0,0,,,,,,,3,0,true,true
mapddl-problems/logistics00,mapddl-problems/logistics00/probLOGISTICS-4-0_38.pddl,3,saFF-glcl,-1,564,{tru1=3 tru2=3 apn1=3},{tru1=4 tru2=3 apn1=4},0,86,6,80,55,12,12,79,2936,0,0,0,0,0,,,,,,,3,0,true,true
mapddl-problems/logistics00,mapddl-problems/logistics00/probLOGISTICS-4-0_39.pddl,3,saFF-glcl,-1,763,{tru1=5 tru2=5 apn1=5},{tru1=6 tru2=5 apn1=6},0,111,4,107,85,10,9,104,4012,0,0,0,0,0,,,,,,,5,0,true,true
mapddl-problems/logistics00,mapddl-problems/logistics00/probLOGISTICS-4-0_3.pddl,3,saFF-glcl,-1,525,{tru2=1 apn1=1},{tru1=1 tru2=2},0,33,4,29,20,4,2,26,1036,0,0,0,0,0,,,,,,,1,0,true,true
mapddl-problems/logistics00,mapddl-problems/logistics00/probLOGISTICS-4-0_42.pddl,3,saFF-glcl,-1,500,{tru1=3 tru2=3 apn1=3},{tru1=4 tru2=4 apn1=5},0,39,4,35,24,8,5,37,1440,0,0,0,0,0,,,,,,,3,0,true,true
mapddl-problems/logistics00,mapddl-problems/logistics00/probLOGISTICS-4-0_44.pddl,3,saFF-glcl,-1,588,{tru1=5 tru2=5 apn1=5},{tru1=6 tru2=6 apn1=7},0,117,3,114,84,10,8,102,3984,0,0,0,0,0,,,,,,,5,0,true,true
mapddl-problems/logistics00,mapddl-problems/logistics00/probLOGISTICS-4-0_46.pddl,3,saFF-glcl,-1,498,{tru1=3 tru2=3 apn1=3},{tru1=4 tru2=4 apn1=5},0,79,3,76,56,7,6,69,2688,0,0,0,0,0,,,,,,,3,0,true,true
mapddl-problems/logistics00,mapddl-problems/logistics00/probLOGISTICS-4-0_47.pddl,3,saFF-glcl,-1,459,{tru1=1 apn1=1},{tru2=1},0,25,3,22,19,2,0,21,856,0,0,0,0,0,,,,,,,1,0,true,true
mapddl-problems/logistics00,mapddl-problems/logistics00/probLOGISTICS-4-0_48.pddl,3,saFF-glcl,-1,504,{tru1=1 apn1=1},{tru2=1},0,18,1,17,13,2,0,15,616,0,0,0,0,0,,,,,,,1,0,true,true
mapddl-problems/logistics00,mapddl-problems/logistics00/probLOGISTICS-4-0_49.pddl,3,saFF-glcl,-1,470,{tru1=2 tru2=2 apn1=5},{},0,50,0,50,34,4,2,40,1612,0,0,0,0,0,,,,,,,3,0,true,true
mapddl-problems/logistics00,mapddl-problems/logistics00/probLOGISTICS-4-0_4.pddl,3,saFF-glcl,-1,798,{tru1=3 tru2=3 apn1=3},{tru1=3 tru2=4 apn1=4},0,47,4,43,31,9,9,49,1788,0,0,0,0,0,,,,,,,3,0,true,true
mapddl-problems/logistics00,mapddl-problems/logistics00/probLOGISTICS-4-0_50.pddl,3,saFF-glcl,-1,422,{tru1=1 tru2=3 apn1=3},{tru1=3},0,30,2,28,24,3,1,28,1152,0,0,0,0,0,,,,,,,3,0,true,true
mapddl-problems/logistics00,mapddl-problems/logistics00/probLOGISTICS-4-0_54.pddl,3,saFF-glcl,-1,518,{tru1=3 tru2=3 apn1=3},{tru1=4 tru2=4 apn1=5},0,59,3,56,36,6,5,47,1824,0,0,0,0,0,,,,,,,3,0,true,true
mapddl-problems/logistics00,mapddl-problems/logistics00/probLOGISTICS-4-0_55.pddl,3,saFF-glcl,-1,807,{tru1=3 tru2=3 apn1=3},{tru1=4 tru2=4 apn1=5},0,69,3,66,44,7,5,56,2192,0,0,0,0,0,,,,,,,3,0,true,true
mapddl-problems/logistics00,mapddl-problems/logistics00/probLOGISTICS-4-0_56.pddl,3,saFF-glcl,-1,490,{tru1=1 apn1=1},{tru2=1},0,19,4,15,11,2,0,13,536,0,0,0,0,0,,,,,,,1,0,true,true
mapddl-problems/logistics00,mapddl-problems/logistics00/probLOGISTICS-4-0_57.pddl,3,saFF-glcl,-1,543,{tru1=3 tru2=3 apn1=3},{tru1=4 tru2=4 apn1=5},0,85,5,80,58,12,12,82,3076,0,0,0,0,0,,,,,,,3,0,true,true
mapddl-problems/logistics00,mapddl-problems/logistics00/probLOGISTICS-4-0_58.pddl,3,saFF-glcl,-1,454,{tru1=3 tru2=3 apn1=3},{tru1=4 tru2=4 apn1=5},0,93,3,90,66,12,10,88,3364,0,0,0,0,0,,,,,,,3,0,true,true
mapddl-problems/logistics00,mapddl-problems/logistics00/probLOGISTICS-4-0_59.pddl,3,saFF-glcl,-1,456,{tru1=3 tru2=3 apn1=3},{tru1=4 tru2=3 apn1=4},0,78,4,74,53,9,7,69,2668,0,0,0,0,0,,,,,,,3,0,true,true
mapddl-problems/logistics00,mapddl-problems/logistics00/probLOGISTICS-4-0_60.pddl,3,saFF-glcl,-1,618,{tru2=1 apn1=1},{tru1=1},0,15,1,14,10,2,0,12,496,0,0,0,0,0,,,,,,,1,0,true,true
mapddl-problems/logistics00,mapddl-problems/logistics00/probLOGISTICS-4-0_61.pddl,3,saFF-glcl,-1,447,{tru1=3 tru2=3 apn1=3},{tru1=4 tru2=3 apn1=4},0,79,5,74,51,11,9,71,2716,0,0,0,0,0,,,,,,,3,0,true,true
mapddl-problems/logistics00,mapddl-problems/logistics00/probLOGISTICS-4-0_65.pddl,3,saFF-glcl,-1,528,{tru1=3 tru2=3 apn1=3},{tru1=4 tru2=4 apn1=5},0,73,12,61,45,21,21,87,3184,0,0,0,0,0,,,,,,,3,0,true,true
mapddl-problems/logistics00,mapddl-problems/logistics00/probLOGISTICS-4-0_66.pddl,3,saFF-glcl,-1,444,{tru1=3 tru2=3 apn1=3},{tru1=4 tru2=4 apn1=5},0,83,4,79,52,9,7,68,2640,0,0,0,0,0,,,,,,,3,0,true,true
mapddl-problems/logistics00,mapddl-problems/logistics00/probLOGISTICS-4-0_6.pddl,3,saFF-glcl,-1,503,{tru1=3 tru2=3 apn1=3},{tru1=3 tru2=3 apn1=3},0,73,4,69,47,10,8,65,2480,0,0,0,0,0,,,,,,,3,0,true,true
mapddl-problems/logistics00,mapddl-problems/logistics00/probLOGISTICS-4-0_70.pddl,3,saFF-glcl,-1,463,{tru1=3 tru2=3 apn1=3},{tru1=3 tru2=4 apn1=4},0,79,3,76,60,8,6,74,2884,0,0,0,0,0,,,,,,,3,0,true,true
mapddl-problems/logistics00,mapddl-problems/logistics00/probLOGISTICS-4-0_71.pddl,3,saFF-glcl,-1,429,{tru1=3 tru2=3 apn1=3},{tru1=3 apn1=4},0,65,2,63,42,7,5,54,2108,0,0,0,0,0,,,,,,,3,0,true,true
mapddl-problems/logistics00,mapddl-problems/logistics00/probLOGISTICS-4-0_74.pddl,3,saFF-glcl,-1,482,{tru1=3 tru2=3 apn1=3},{tru1=3 tru2=4 apn1=4},0,60,3,57,42,8,8,58,2188,0,0,0,0,0,,,,,,,3,0,true,true
mapddl-problems/logistics00,mapddl-problems/logistics00/probLOGISTICS-4-0_75.pddl,3,saFF-glcl,-1,431,{tru1=1 apn1=1},{tru2=1 apn1=2},0,29,3,26,20,4,2,26,1020,0,0,0,0,0,,,,,,,1,0,true,true
mapddl-problems/logistics00,mapddl-problems/logistics00/probLOGISTICS-4-0_78.pddl,3,saFF-glcl,-1,418,{tru1=2 tru2=2 apn1=5},{},0,61,0,61,57,4,0,61,2476,0,0,0,0,0,,,,,,,3,0,true,true
mapddl-problems/logistics00,mapddl-problems/logistics00/probLOGISTICS-4-0_79.pddl,3,saFF-glcl,-1,581,{tru1=3 tru2=3 apn1=3},{tru2=3 apn1=4},0,89,2,87,62,8,7,77,2956,0,0,0,0,0,,,,,,,3,0,true,true
mapddl-problems/logistics00,mapddl-problems/logistics00/probLOGISTICS-4-0_80.pddl,3,saFF-glcl,-1,426,{tru2=1 apn1=1},{tru1=1},0,17,2,15,10,2,0,12,496,0,0,0,0,0,,,,,,,1,0,true,true
mapddl-problems/logistics00,mapddl-problems/logistics00/probLOGISTICS-4-0_81.pddl,3,saFF-glcl,-1,523,{tru1=3 tru2=3 apn1=3},{tru1=4 apn1=4},0,57,2,55,40,6,5,51,1972,0,0,0,0,0,,,,,,,3,0,true,true
mapddl-problems/logistics00,mapddl-problems/logistics00/probLOGISTICS-4-0_83.pddl,3,saFF-glcl,-1,492,{tru1=3 tru2=3 apn1=3},{tru1=4 tru2=3 apn1=4},0,72,3,69,49,7,7,63,2412,0,0,0,0,0,,,,,,,3,0,true,true
mapddl-problems/logistics00,mapddl-problems/logistics00/probLOGISTICS-4-0_84.pddl,3,saFF-glcl,-1,536,{tru1=3 tru2=3 apn1=3},{tru1=4 tru2=4 apn1=5},0,81,3,78,60,8,8,76,2900,0,0,0,0,0,,,,,,,3,0,true,true
mapddl-problems/logistics00,mapddl-problems/logistics00/probLOGISTICS-4-0_86.pddl,3,saFF-glcl,-1,455,{tru1=1 tru2=1},{apn1=1},0,33,1,32,31,2,0,33,1336,0,0,0,0,0,,,,,,,1,0,true,true
mapddl-problems/logistics00,mapddl-problems/logistics00/probLOGISTICS-4-0_88.pddl,3,saFF-glcl,-1,485,{tru1=3 tru2=3 apn1=3},{tru2=4 apn1=5},0,116,2,114,82,6,5,93,3664,0,0,0,0,0,,,,,,,3,0,true,true
mapddl-problems/logistics00,mapddl-problems/logistics00/probLOGISTICS-4-0_89.pddl,3,saFF-glcl,-1,507,{tru1=5 tru2=5 apn1=5},{tru1=5 tru2=6 apn1=6},0,79,3,76,57,12,12,81,3044,0,0,0,0,0,,,,,,,5,0,true,true
mapddl-problems/logistics00,mapddl-problems/logistics00/probLOGISTICS-4-0_8.pddl,3,saFF-glcl,-1,532,{tru1=3 tru2=3 apn1=3},{tru1=4 tru2=4 apn1=5},0,52,6,46,36,14,13,63,2304,0,0,0,0,0,,,,,,,3,0,true,true
mapddl-problems/logistics00,mapddl-problems/logistics00/probLOGISTICS-4-0_92.pddl,3,saFF-glcl,-1,520,{tru1=2 tru2=2 apn1=2},{tru2=4},0,129,1,128,100,8,6,114,4504,0,0,0,0,0,,,,,,,5,0,true,true
mapddl-problems/logistics00,mapddl-problems/logistics00/probLOGISTICS-4-0_96.pddl,3,saFF-glcl,-1,424,{tru1=2 tru2=2 apn1=2},{apn1=3},0,93,1,92,54,8,6,68,2676,0,0,0,0,0,,,,,,,3,0,true,true
mapddl-problems/logistics00,mapddl-problems/logistics00/probLOGISTICS-4-0_97.pddl,3,saFF-glcl,-1,543,{tru1=3 tru2=3 apn1=3},{tru1=4 tru2=4 apn1=5},0,102,3,99,79,10,10,99,3784,0,0,0,0,0,,,,,,,3,0,true,true
mapddl-problems/logistics00,mapddl-problems/logistics00/probLOGISTICS-4-0_98.pddl,3,saFF-glcl,-1,465,{tru1=3 tru2=3 apn1=3},{tru1=3 tru2=4 apn1=4},0,68,3,65,46,6,4,56,2192,0,0,0,0,0,,,,,,,3,0,true,true
mapddl-problems/logistics00,mapddl-problems/logistics00/probLOGISTICS-4-0_99.pddl,3,saFF-glcl,-1,452,{tru1=3 tru2=3 apn1=3},{tru2=3 apn1=3},0,60,2,58,41,7,5,53,2052,0,0,0,0,0,,,,,,,3,0,true,true
mapddl-problems/logistics00,mapddl-problems/logistics00/probLOGISTICS-4-0_9.pddl,3,saFF-glcl,-1,542,{tru1=3 tru2=3 apn1=3},{tru1=3 tru2=4 apn1=4},0,64,5,59,42,12,12,66,2420,0,0,0,0,0,,,,,,,3,0,true,true
